samples,mae,mse,rmse,nmse,nrmse,nmae,r2,horizon,persistence_mae
272,0.851726098200854,1.322757344609656,1.1501118835181454,0.026348180061923347,0.16526953129774444,0.12239189513729681,0.25487014559508114,1,0.280683599114418
272,0.7770881644417258,1.0604315478459512,1.0297725709329955,0.021156581876425464,0.14809116009589496,0.11175272192839628,0.4008536459031028,2,0.44435066282749175
272,0.7414972219046424,0.9196459854914039,0.958981744086614,0.018385510349157367,0.13804140262042708,0.10673541720896632,0.4770352061648603,3,0.5532811464632258
272,0.7330634563109454,0.8574317239089341,0.9259760925147765,0.0171743849427555,0.1334146416878651,0.10561978775562397,0.510952081635657,4,0.6202766394264557
272,0.7421751642928404,0.8549915831017757,0.9246575490968404,0.017137936351341868,0.1332712583613331,0.10697000004644634,0.5116400936578837,5,0.689881510419004
272,0.7507146945420433,0.8821498871709629,0.9392283466606844,0.017707453394582993,0.13546466916861422,0.10827539234491898,0.49481960329200636,6,0.7448500719841789
272,0.7580788420228396,0.9175011593284532,0.9578628081977363,0.0184491761130976,0.1382710898866315,0.10943152485867787,0.4733189933899672,7,0.7822638150874306
272,0.7686763734677259,0.9540549400109128,0.9767573598447635,0.019199961242633463,0.14105997636121972,0.11100962790597069,0.45263110504374937,8,0.8032772916555404
272,0.7757494358455433,0.9936400866985875,0.9968149711448898,0.019981962607994442,0.14390314528188458,0.1119894734733023,0.43016278388783824,9,0.817212598008268
272,0.7796256239273969,1.0301523769992145,1.0149642244922796,0.02069650626635465,0.14645482226284076,0.11249650916608415,0.41008034328946397,10,0.8274659983901416
272,0.7803302203907686,1.0534183237172339,1.0263616924443517,0.021145390892884235,0.14803738464896446,0.11255100988237897,0.3979253006692116,11,0.8274941630573833
272,0.780580923276789,1.0598400755005977,1.029485344966405,0.021268264442381328,0.1484682427021739,0.11257224644565209,0.39473282320723524,12,0.8239006911656436
272,0.7789036017305712,1.0655580433645346,1.0322587095125595,0.02136572657645299,0.14881376387301773,0.11228926973404817,0.3932424171967017,13,0.82006257937235
272,0.7961296808719635,1.0836381961234358,1.0409794407784603,0.02170751653914925,0.15000736822428082,0.11472399311126809,0.38533936601166174,14,0.8344465572343153
272,0.8288712773603552,1.1303269704265022,1.063168364101614,0.022597936241273955,0.15307589434114943,0.11934159852738103,0.3653070229747264,15,0.8731747058910482
272,0.8509787532161264,1.1831550927555465,1.0877293288109624,0.023609287781968316,0.15648877751679696,0.12242809057022602,0.3425870219055085,16,0.908392657637596
272,0.8653084118927226,1.2363357245983413,1.1119063470447237,0.024624177786124225,0.15984531565754165,0.12439491563991847,0.3208154550362262,17,0.9297978534067377
272,0.8865354499396155,1.2828195377000833,1.1326162358451706,0.025504385926604846,0.16270041888253248,0.1273508929984185,0.30185182760157336,18,0.9579410973366569
272,0.9083137259062599,1.3409816306535112,1.158007612519672,0.026582507072462923,0.1661408184220011,0.13031692035050382,0.2808228759115813,19,0.9915372893038916
272,0.9198855769634245,1.3919860739616507,1.1798245945739776,0.02751718606671305,0.16906493115655263,0.13181653650590652,0.2620113553057116,20,1.0205381119601866
272,0.9339955335504868,1.4513504974940135,1.204720090931505,0.02861291355583577,0.17243161317710204,0.13368280131013036,0.2402412700558103,21,1.0381972576239529
272,0.9444864862806656,1.504638421764778,1.2266370374991853,0.029583299212852892,0.17535174602662423,0.1350174089032233,0.2191549349091524,22,1.0562887529415244
272,0.9563509917960448,1.551604635281589,1.2456342301340266,0.030443312329738098,0.1778954249781867,0.1365813992567964,0.19945411442446925,23,1.0737152522802353
272,0.9612690075706032,1.5893280695016279,1.2606855553632825,0.031147707705306445,0.17995238675588696,0.1372131627041175,0.18337950328774422,24,1.0811725665190641
272,0.979527197375017,1.6153578264644863,1.270967279855971,0.031642755910118205,0.18138194283179118,0.13979002365552148,0.1715869485326068,25,1.0974987624322667
272,1.0069260994827045,1.653055140975777,1.2857119199011018,0.03233982624795046,0.1833861090379027,0.1436217994207048,0.15731384736050047,26,1.127165627023753
272,1.0285023170358993,1.6943177891729349,1.30165962877126,0.03310136399470339,0.18554695334527302,0.14660934949231696,0.14077048169373996,27,1.1683224522015627
272,1.0493210934891422,1.744786587642243,1.3209037011236826,0.03406160218597174,0.18822798159329082,0.1495276236282058,0.11795020422882918,28,1.197548538481488
272,1.075166531310362,1.812456649617585,1.3462751017595123,0.035340203487162436,0.19174193376161114,0.15312955692323157,0.08807355920500282,29,1.227095149650293
272,1.0998053456755243,1.8964290116050915,1.377108932367041,0.03693639162127769,0.19603794883804804,0.15656247593773165,0.0501763400912707,30,1.256837376811925
272,1.1230788708434385,1.9921379411744715,1.411431167706903,0.03875824415957696,0.20082823434256505,0.15979946583251745,0.00669669854739996,31,1.2975191742883008
272,1.143782927008236,2.0791175007768503,1.4419145261688886,0.040418950268878255,0.20509266338508805,0.16268751203844575,-0.034118191321300895,32,1.3374766029680476
272,1.156620015887653,2.156739808664803,1.4685842872184092,0.04186903311441859,0.20875180352822897,0.16440766554210604,-0.06805532003339798,33,1.3690231613201254
272,1.172113189977758,2.2246213944381066,1.4915164747457892,0.04309451256352706,0.21180451241815312,0.16644728161278793,-0.09432065450130489,34,1.393998535626075
272,1.1794186733750736,2.286456772888477,1.5121034266505968,0.044192404070980205,0.21450400907941564,0.16731000628870193,-0.11750810085231023,35,1.409175538981662
272,1.1921489367765539,2.361332622203916,1.5366628199458447,0.04553076922200651,0.21775741207084867,0.16893703934648785,-0.14382351811157368,36,1.4262190926425595
