origin,timestamp,actual,predicted,actual_raw
2021-11-05 23:20:00.000002,2021-11-06 05:20:00.000002,6.219247224271195,4.885094,6.27
2021-11-05 23:29:59.999997,2021-11-06 05:29:59.999997,6.603681751241391,4.883255,6.71
2021-11-05 23:40:00.000001,2021-11-06 05:40:00.000001,7.3031733762197195,4.8830447,7.24
2021-11-05 23:49:59.999996,2021-11-06 05:49:59.999996,7.291394174344636,4.878789,7.33
2021-11-06 00:00:00.000000,2021-11-06 06:00:00.000000,6.857156799677571,4.8751154,6.7
2021-11-06 00:10:00.000004,2021-11-06 06:10:00.000004,6.690644745445988,4.8704157,6.97
2021-11-06 00:19:59.999999,2021-11-06 06:19:59.999999,6.523319134442402,4.866855,6.26
2021-11-06 00:30:00.000003,2021-11-06 06:30:00.000003,5.872170804464549,4.8630195,5.9
2021-11-06 00:39:59.999998,2021-11-06 06:39:59.999998,4.878674853417324,4.8610387,5.22
2021-11-06 00:50:00.000002,2021-11-06 06:50:00.000002,3.992836023157591,4.865346,3.52
2021-11-06 00:59:59.999997,2021-11-06 06:59:59.999997,3.7608768008820794,4.871977,3.98
2021-11-06 01:10:00.000001,2021-11-06 07:10:00.000001,4.391178462382286,4.881776,4.36
2021-11-06 01:19:59.999996,2021-11-06 07:19:59.999996,5.096375841839003,4.887053,5.29
2021-11-06 01:30:00.000000,2021-11-06 07:30:00.000000,4.984642432483241,4.8934994,4.71
2021-11-06 01:40:00.000004,2021-11-06 07:40:00.000004,4.355156499169911,4.8977857,4.35
2021-11-06 01:49:59.999999,2021-11-06 07:49:59.999999,3.986420577918572,4.901156,4.17
2021-11-06 02:00:00.000003,2021-11-06 08:00:00.000003,3.998870746989071,4.9067254,4.01
2021-11-06 02:09:59.999998,2021-11-06 08:09:59.999998,4.136529764207846,4.9169455,4.05
2021-11-06 02:20:00.000002,2021-11-06 08:20:00.000002,4.209616331673587,4.9248595,4.03
2021-11-06 02:29:59.999997,2021-11-06 08:29:59.999997,4.176508769121774,4.9313345,4.35
2021-11-06 02:40:00.000001,2021-11-06 08:40:00.000001,4.364793600273868,4.9393115,4.71
2021-11-06 02:49:59.999996,2021-11-06 08:49:59.999996,5.104833502765041,4.949843,4.48
2021-11-06 03:00:00.000000,2021-11-06 09:00:00.000000,6.057177884867513,4.958634,6.29
2021-11-06 03:10:00.000004,2021-11-06 09:10:00.000004,6.641931224209854,4.9688187,6.89
2021-11-06 03:19:59.999999,2021-11-06 09:19:59.999999,6.859218196195958,4.976073,6.57
2021-11-06 03:30:00.000003,2021-11-06 09:30:00.000003,7.025395852537269,4.982615,7.04
2021-11-06 03:39:59.999998,2021-11-06 09:39:59.999998,7.15595723834477,4.9920635,7.42
2021-11-06 03:50:00.000002,2021-11-06 09:50:00.000002,7.176820192433955,5.0009575,6.91
2021-11-06 03:59:59.999997,2021-11-06 09:59:59.999997,7.315852991461683,5.009772,7.26
2021-11-06 04:10:00.000001,2021-11-06 10:10:00.000001,7.75738125346362,5.017747,8.03
2021-11-06 04:19:59.999996,2021-11-06 10:19:59.999996,8.227492573229293,5.02811,8.14
2021-11-06 04:30:00.000000,2021-11-06 10:30:00.000000,8.34839188666181,5.0363064,8.22
2021-11-06 04:40:00.000004,2021-11-06 10:40:00.000004,8.128722148756278,5.046321,8.18
2021-11-06 04:49:59.999999,2021-11-06 10:49:59.999999,7.846620614258923,5.0562754,7.91
2021-11-06 05:00:00.000003,2021-11-06 11:00:00.000003,7.6997164363205695,5.0635247,7.72
2021-11-06 05:09:59.999998,2021-11-06 11:09:59.999998,7.7276437267929925,5.0675454,7.58
2021-11-06 05:20:00.000002,2021-11-06 11:20:00.000002,7.954869264647769,5.070507,8.13
2021-11-06 05:29:59.999997,2021-11-06 11:29:59.999997,8.346720621015407,5.0714397,8.18
2021-11-06 05:40:00.000001,2021-11-06 11:40:00.000001,8.557910260041226,5.0752635,8.71
2021-11-06 05:49:59.999996,2021-11-06 11:49:59.999996,8.277062355729912,5.078902,8.23
2021-11-06 06:00:00.000000,2021-11-06 12:00:00.000000,7.903965509610848,5.081764,7.79
2021-11-06 06:10:00.000004,2021-11-06 12:10:00.000004,7.953219713150085,5.082869,8.06
2021-11-06 06:19:59.999999,2021-11-06 12:19:59.999999,7.980957366723695,5.084425,8.09
2021-11-06 06:30:00.000003,2021-11-06 12:30:00.000003,7.387094941993747,5.086472,7.18
2021-11-06 06:39:59.999998,2021-11-06 12:39:59.999998,6.703455369385223,5.086619,6.72
2021-11-06 06:50:00.000002,2021-11-06 12:50:00.000002,6.721247219040588,5.0950537,6.88
2021-11-06 06:59:59.999997,2021-11-06 12:59:59.999997,7.2135598082614925,5.0975795,7.12
2021-11-06 07:10:00.000001,2021-11-06 13:10:00.000001,7.561572469780405,5.0991106,7.56
2021-11-06 07:19:59.999996,2021-11-06 13:19:59.999996,7.6438198746882,5.094751,7.6
2021-11-06 07:30:00.000000,2021-11-06 13:30:00.000000,7.619950234806395,5.089647,7.7
2021-11-06 07:40:00.000004,2021-11-06 13:40:00.000004,7.68859010651697,5.080239,7.68
2021-11-06 07:49:59.999999,2021-11-06 13:49:59.999999,7.96875256753372,5.069792,7.92
2021-11-06 08:00:00.000003,2021-11-06 14:00:00.000003,8.15824904818433,5.0569553,8.18
2021-11-06 08:09:59.999998,2021-11-06 14:09:59.999998,7.868967368510571,5.044163,7.89
2021-11-06 08:20:00.000002,2021-11-06 14:20:00.000002,7.36550094489769,5.0322423,7.35
2021-11-06 08:29:59.999997,2021-11-06 14:29:59.999997,7.166368448850558,5.018664,7.09
2021-11-06 08:40:00.000001,2021-11-06 14:40:00.000001,7.148415914494672,5.0039706,7.36
2021-11-06 08:49:59.999996,2021-11-06 14:49:59.999996,6.969841650649702,4.982649,6.78
2021-11-06 09:00:00.000000,2021-11-06 15:00:00.000000,6.949374617872159,4.9675355,6.91
2021-11-06 09:10:00.000004,2021-11-06 15:10:00.000004,7.475752363603382,4.9544797,7.63
2021-11-06 09:19:59.999999,2021-11-06 15:19:59.999999,8.066690616305841,4.94571,8.07
2021-11-06 09:30:00.000003,2021-11-06 15:30:00.000003,8.087278524511254,4.933007,8.02
2021-11-06 09:39:59.999998,2021-11-06 15:39:59.999998,7.787660910047265,4.9296083,7.62
2021-11-06 09:50:00.000002,2021-11-06 15:50:00.000002,7.728730881838856,4.918414,8.04
2021-11-06 09:59:59.999997,2021-11-06 15:59:59.999997,7.894178218978252,4.909094,7.78
2021-11-06 10:10:00.000001,2021-11-06 16:10:00.000001,7.975011308999484,4.9045706,7.89
2021-11-06 10:19:59.999996,2021-11-06 16:19:59.999996,7.874556590390834,4.895804,7.91
2021-11-06 10:30:00.000000,2021-11-06 16:30:00.000000,7.6449794102297925,4.8881936,7.68
2021-11-06 10:40:00.000004,2021-11-06 16:40:00.000004,7.359621477229551,4.883585,7.39
2021-11-06 10:49:59.999999,2021-11-06 16:49:59.999999,7.128138518615942,4.880818,7.09
2021-11-06 11:00:00.000003,2021-11-06 17:00:00.000003,7.0426282009606425,4.87689,6.94
2021-11-06 11:09:59.999998,2021-11-06 17:09:59.999998,7.087106739391621,4.876049,7.27
2021-11-06 11:20:00.000002,2021-11-06 17:20:00.000002,7.175442067795258,4.874352,7.1
2021-11-06 11:29:59.999997,2021-11-06 17:29:59.999997,7.261747123293671,4.870082,7.18
2021-11-06 11:40:00.000001,2021-11-06 17:40:00.000001,7.298264530999318,4.866283,7.46
2021-11-06 11:49:59.999996,2021-11-06 17:49:59.999996,7.247266681317948,4.8666906,7.04
2021-11-06 12:00:00.000000,2021-11-06 18:00:00.000000,7.3222550463089915,4.8660316,7.55
2021-11-06 12:10:00.000004,2021-11-06 18:10:00.000004,7.743070905652862,4.8698378,7.64
2021-11-06 12:19:59.999999,2021-11-06 18:19:59.999999,8.103389699055771,4.873949,7.97
2021-11-06 12:30:00.000003,2021-11-06 18:30:00.000003,7.889424268018712,4.8715267,8.08
2021-11-06 12:39:59.999998,2021-11-06 18:39:59.999998,7.597523862009444,4.871128,7.64
2021-11-06 12:50:00.000002,2021-11-06 18:50:00.000002,7.98765545779854,4.867473,7.71
2021-11-06 12:59:59.999997,2021-11-06 18:59:59.999997,8.528752501141394,4.8648357,8.79
2021-11-06 13:10:00.000001,2021-11-06 19:10:00.000001,8.323732575571592,4.86148,8.27
2021-11-06 13:19:59.999996,2021-11-06 19:19:59.999996,7.970740135946463,4.858142,7.8
2021-11-06 13:30:00.000000,2021-11-06 19:30:00.000000,8.433108190278952,4.857484,8.7
2021-11-06 13:40:00.000004,2021-11-06 19:40:00.000004,8.969177684388407,4.8521605,8.79
2021-11-06 13:49:59.999999,2021-11-06 19:49:59.999999,8.484435371215893,4.8469734,8.51
2021-11-06 14:00:00.000003,2021-11-06 20:00:00.000003,7.755174372148816,4.835794,7.82
2021-11-06 14:09:59.999998,2021-11-06 20:09:59.999998,8.024382768941804,4.827569,7.9
2021-11-06 14:20:00.000002,2021-11-06 20:20:00.000002,8.78616794376511,4.815232,8.98
2021-11-06 14:29:59.999997,2021-11-06 20:29:59.999997,8.914186602757619,4.806952,8.7
2021-11-06 14:40:00.000001,2021-11-06 20:40:00.000001,8.525953547371518,4.7990885,8.67
2021-11-06 14:49:59.999996,2021-11-06 20:49:59.999996,8.28991496035667,4.7922273,8.29
2021-11-06 15:00:00.000000,2021-11-06 21:00:00.000000,8.178341149993994,4.7864614,8.05
2021-11-06 15:10:00.000004,2021-11-06 21:10:00.000004,7.906427894075579,4.778404,7.97
2021-11-06 15:19:59.999999,2021-11-06 21:19:59.999999,7.677072198231471,4.7709036,7.88
2021-11-06 15:30:00.000003,2021-11-06 21:30:00.000003,7.742575099257112,4.760894,7.37
2021-11-06 15:39:59.999998,2021-11-06 21:39:59.999998,7.821533534438942,4.746003,8.06
2021-11-06 15:50:00.000002,2021-11-06 21:50:00.000002,7.579249958252517,4.7347074,7.62
2021-11-06 15:59:59.999997,2021-11-06 21:59:59.999997,7.2407509890923425,4.724519,7.03
2021-11-06 16:10:00.000001,2021-11-06 22:10:00.000001,7.212080350928773,4.716261,7.37
2021-11-06 16:19:59.999996,2021-11-06 22:19:59.999996,7.508643508472961,4.7082767,7.61
2021-11-06 16:30:00.000000,2021-11-06 22:30:00.000000,7.887238377047669,4.701712,7.46
2021-11-06 16:40:00.000004,2021-11-06 22:40:00.000004,8.171750182052829,4.694308,8.78
2021-11-06 16:49:59.999999,2021-11-06 22:49:59.999999,8.270391045438489,4.6847982,7.76
2021-11-06 17:00:00.000003,2021-11-06 23:00:00.000003,8.119548644727471,4.6746616,8.3
2021-11-06 17:09:59.999998,2021-11-06 23:09:59.999998,7.775718128251832,4.668978,7.97
2021-11-06 17:20:00.000002,2021-11-06 23:20:00.000002,7.476440702117773,4.6629815,7.08
2021-11-06 17:29:59.999997,2021-11-06 23:29:59.999997,7.422374643222413,4.6539674,7.69
2021-11-06 17:40:00.000001,2021-11-06 23:40:00.000001,7.526573604875171,4.6438713,7.63
2021-11-06 17:49:59.999996,2021-11-06 23:49:59.999996,7.541079380024399,4.633557,7.22
2021-11-06 18:00:00.000000,2021-11-07 00:00:00.000000,7.363047246092447,4.625483,7.55
2021-11-06 18:10:00.000004,2021-11-07 00:10:00.000004,7.071785236055517,4.6154337,7.03
2021-11-06 18:19:59.999999,2021-11-07 00:19:59.999999,6.745842835294565,4.6069613,6.89
2021-11-06 18:30:00.000003,2021-11-07 00:30:00.000003,6.4884585162840125,4.6003866,6.28
2021-11-06 18:39:59.999998,2021-11-07 00:39:59.999998,6.590522253312738,4.598469,6.64
2021-11-06 18:50:00.000002,2021-11-07 00:50:00.000002,7.201223276569289,4.6028166,7.2
2021-11-06 18:59:59.999997,2021-11-07 00:59:59.999997,7.88306564146884,4.6115375,8.1
2021-11-06 19:10:00.000001,2021-11-07 01:10:00.000001,8.110105885254548,4.6257935,7.82
2021-11-06 19:19:59.999996,2021-11-07 01:19:59.999996,7.989640130991454,4.6360917,8.0
2021-11-06 19:30:00.000000,2021-11-07 01:30:00.000000,7.897025667680265,4.6486993,8.13
2021-11-06 19:40:00.000004,2021-11-07 01:40:00.000004,7.847570970167856,4.6602182,7.68
2021-11-06 19:49:59.999999,2021-11-07 01:49:59.999999,7.6874667612232415,4.671232,7.73
2021-11-06 20:00:00.000003,2021-11-07 02:00:00.000003,7.43606613779468,4.681285,7.39
2021-11-06 20:09:59.999998,2021-11-07 02:09:59.999998,7.215802156019205,4.6913714,7.22
2021-11-06 20:20:00.000002,2021-11-07 02:20:00.000002,7.127213495880514,4.703685,7.29
2021-11-06 20:29:59.999997,2021-11-07 02:29:59.999997,7.201735730479057,4.716691,6.93
2021-11-06 20:40:00.000001,2021-11-07 02:40:00.000001,7.390864518211361,4.7256627,7.59
2021-11-06 20:49:59.999996,2021-11-07 02:49:59.999996,7.601221781536284,4.737838,7.64
2021-11-06 21:00:00.000000,2021-11-07 03:00:00.000000,7.681404894705863,4.7424774,7.38
2021-11-06 21:10:00.000004,2021-11-07 03:10:00.000004,7.534783000700855,4.745097,7.79
2021-11-06 21:19:59.999999,2021-11-07 03:19:59.999999,7.347056223170841,4.748273,7.48
2021-11-06 21:30:00.000003,2021-11-07 03:30:00.000003,7.351414252818738,4.75221,7.12
2021-11-06 21:39:59.999998,2021-11-07 03:39:59.999998,7.368231861001579,4.7529774,7.15
2021-11-06 21:50:00.000002,2021-11-07 03:50:00.000002,7.103992385240448,4.7572465,7.5
2021-11-06 21:59:59.999997,2021-11-07 03:59:59.999997,6.769739979764747,4.7598796,6.9
2021-11-06 22:10:00.000001,2021-11-07 04:10:00.000001,6.751392247902175,4.758864,6.3
2021-11-06 22:19:59.999996,2021-11-07 04:19:59.999996,6.8924343294913655,4.7620006,6.9
2021-11-06 22:30:00.000000,2021-11-07 04:30:00.000000,6.847667716687382,4.763301,7.21
2021-11-06 22:40:00.000004,2021-11-07 04:40:00.000004,6.833646167054586,4.765251,6.74
2021-11-06 22:49:59.999999,2021-11-07 04:49:59.999999,7.138404244325312,4.7664557,7.01
2021-11-06 23:00:00.000003,2021-11-07 05:00:00.000003,7.325856699776511,4.7693124,7.17
2021-11-06 23:09:59.999998,2021-11-07 05:09:59.999998,6.937475988179122,4.7709355,7.33
2021-11-06 23:20:00.000002,2021-11-07 05:20:00.000002,6.389756129476982,4.7719316,6.18
2021-11-06 23:29:59.999997,2021-11-07 05:29:59.999997,6.309057667177807,4.774843,6.31
2021-11-06 23:40:00.000001,2021-11-07 05:40:00.000001,6.723026331625629,4.777296,6.68
2021-11-06 23:49:59.999996,2021-11-07 05:49:59.999996,7.290430066141514,4.7783875,7.39
2021-11-07 00:00:00.000000,2021-11-07 06:00:00.000000,7.562632844042848,4.781706,7.55
2021-11-07 00:10:00.000004,2021-11-07 06:10:00.000004,7.256754316698223,4.7836714,7.2
2021-11-07 00:19:59.999999,2021-11-07 06:19:59.999999,6.763426952927185,4.785668,6.79
2021-11-07 00:30:00.000003,2021-11-07 06:30:00.000003,6.639603467467181,4.7929225,6.6
2021-11-07 00:39:59.999998,2021-11-07 06:39:59.999998,6.639852456372491,4.799334,6.78
2021-11-07 00:50:00.000002,2021-11-07 06:50:00.000002,6.300695548506132,4.808574,6.15
2021-11-07 00:59:59.999997,2021-11-07 06:59:59.999997,5.971645853063495,4.816981,5.99
2021-11-07 01:10:00.000001,2021-11-07 07:10:00.000001,6.196166531792846,4.8245025,6.22
2021-11-07 01:19:59.999996,2021-11-07 07:19:59.999996,6.788142720804073,4.833018,6.93
2021-11-07 01:30:00.000000,2021-11-07 07:30:00.000000,7.282888742291417,4.839646,6.99
2021-11-07 01:40:00.000004,2021-11-07 07:40:00.000004,7.551161983079574,4.8489404,7.82
2021-11-07 01:49:59.999999,2021-11-07 07:49:59.999999,7.64261401562934,4.8586264,7.43
2021-11-07 02:00:00.000003,2021-11-07 08:00:00.000003,7.67196503045277,4.870521,7.9
2021-11-07 02:09:59.999998,2021-11-07 08:09:59.999998,7.779759855133389,4.8803635,7.58
2021-11-07 02:20:00.000002,2021-11-07 08:20:00.000002,7.816994553551719,4.8913956,7.88
2021-11-07 02:29:59.999997,2021-11-07 08:29:59.999997,7.566297468541652,4.9005866,7.66
2021-11-07 02:40:00.000001,2021-11-07 08:40:00.000001,7.379916244427256,4.908783,7.2
2021-11-07 02:49:59.999996,2021-11-07 08:49:59.999996,7.7046716050582384,4.919905,7.84
2021-11-07 03:00:00.000000,2021-11-07 09:00:00.000000,8.106810401283965,4.932182,8.1
2021-11-07 03:10:00.000004,2021-11-07 09:10:00.000004,7.948446219456698,4.943059,7.98
2021-11-07 03:19:59.999999,2021-11-07 09:19:59.999999,7.640420886608724,4.951688,7.38
2021-11-07 03:30:00.000003,2021-11-07 09:30:00.000003,7.860110167248104,4.9578333,8.17
2021-11-07 03:39:59.999998,2021-11-07 09:39:59.999998,8.180461898518878,4.9679275,8.19
2021-11-07 03:50:00.000002,2021-11-07 09:50:00.000002,7.90011703865289,4.9761343,7.61
2021-11-07 03:59:59.999997,2021-11-07 09:59:59.999997,7.3954143561729415,4.9839554,7.62
2021-11-07 04:10:00.000001,2021-11-07 10:10:00.000001,7.357439929088252,4.9881167,7.3
2021-11-07 04:19:59.999996,2021-11-07 10:19:59.999996,7.607431304264952,4.9928093,7.64
2021-11-07 04:30:00.000000,2021-11-07 10:30:00.000000,7.654855728872137,4.9964495,7.6
2021-11-07 04:40:00.000004,2021-11-07 10:40:00.000004,7.554556628329306,5.0000114,7.57
2021-11-07 04:49:59.999999,2021-11-07 10:49:59.999999,7.594402815033571,5.0045385,7.64
2021-11-07 05:00:00.000003,2021-11-07 11:00:00.000003,7.807174691696044,5.0094485,7.71
2021-11-07 05:09:59.999998,2021-11-07 11:09:59.999998,8.072829206148695,5.0129857,8.24
2021-11-07 05:20:00.000002,2021-11-07 11:20:00.000002,8.316153613863715,5.0157022,8.11
2021-11-07 05:29:59.999997,2021-11-07 11:29:59.999997,8.503378794558321,5.0185394,8.55
2021-11-07 05:40:00.000001,2021-11-07 11:40:00.000001,8.588272430390003,5.018687,8.86
2021-11-07 05:49:59.999996,2021-11-07 11:49:59.999996,8.594007860871638,5.019079,8.26
2021-11-07 06:00:00.000000,2021-11-07 12:00:00.000000,8.713362574525279,5.0172195,8.71
2021-11-07 06:10:00.000004,2021-11-07 12:10:00.000004,9.057021549226038,5.014312,9.27
2021-11-07 06:19:59.999999,2021-11-07 12:19:59.999999,9.38875004681564,5.0088177,9.39
2021-11-07 06:30:00.000003,2021-11-07 12:30:00.000003,9.4267266453152,5.0036454,9.3
2021-11-07 06:39:59.999998,2021-11-07 12:39:59.999998,9.181125147204519,4.9995937,9.02
2021-11-07 06:50:00.000002,2021-11-07 12:50:00.000002,8.84404700717552,4.995781,9.24
2021-11-07 06:59:59.999997,2021-11-07 12:59:59.999997,8.667249684500721,4.988801,8.42
2021-11-07 07:10:00.000001,2021-11-07 13:10:00.000001,8.797625052434196,4.9815063,8.83
2021-11-07 07:19:59.999996,2021-11-07 13:19:59.999996,8.984442007132886,4.974407,8.94
2021-11-07 07:30:00.000000,2021-11-07 13:30:00.000000,8.876604477959786,4.9642987,9.09
2021-11-07 07:40:00.000004,2021-11-07 13:40:00.000004,8.617270952199227,4.9559846,8.24
2021-11-07 07:49:59.999999,2021-11-07 13:49:59.999999,8.52504734356498,4.9473825,8.9
2021-11-07 08:00:00.000003,2021-11-07 14:00:00.000003,8.42256669488085,4.942268,8.27
2021-11-07 08:09:59.999998,2021-11-07 14:09:59.999998,8.003331625563721,4.9396987,7.92
2021-11-07 08:20:00.000002,2021-11-07 14:20:00.000002,7.523930992976073,4.930737,7.66
2021-11-07 08:29:59.999997,2021-11-07 14:29:59.999997,7.408855414229983,4.924342,7.33
2021-11-07 08:40:00.000001,2021-11-07 14:40:00.000001,7.527702740608557,4.916615,7.58
2021-11-07 08:49:59.999996,2021-11-07 14:49:59.999996,7.554475562174089,4.9082212,7.47
2021-11-07 09:00:00.000000,2021-11-07 15:00:00.000000,7.646722332566969,4.9027367,7.79
2021-11-07 09:10:00.000004,2021-11-07 15:10:00.000004,8.043634533196041,4.8975377,7.88
2021-11-07 09:19:59.999999,2021-11-07 15:19:59.999999,8.417702001762844,4.8856125,8.51
2021-11-07 09:30:00.000003,2021-11-07 15:30:00.000003,8.36333411620029,4.88035,8.4
2021-11-07 09:39:59.999998,2021-11-07 15:39:59.999998,8.073304022200682,4.8739057,7.94
2021-11-07 09:50:00.000002,2021-11-07 15:50:00.000002,7.930440847338929,4.870057,8.06
2021-11-07 09:59:59.999997,2021-11-07 15:59:59.999997,7.938956412661551,4.8701754,7.91
2021-11-07 10:10:00.000001,2021-11-07 16:10:00.000001,7.912282028570213,4.8629284,7.82
2021-11-07 10:19:59.999996,2021-11-07 16:19:59.999996,7.752662768946988,4.85257,7.9
2021-11-07 10:30:00.000000,2021-11-07 16:30:00.000000,7.479392378733638,4.8462424,7.39
2021-11-07 10:40:00.000004,2021-11-07 16:40:00.000004,7.2611145177609915,4.8363805,7.23
2021-11-07 10:49:59.999999,2021-11-07 16:49:59.999999,7.260604235266096,4.826404,7.31
2021-11-07 11:00:00.000003,2021-11-07 17:00:00.000003,7.406984378415365,4.816555,7.49
2021-11-07 11:09:59.999998,2021-11-07 17:09:59.999998,7.5228076476823444,4.8074765,7.38
2021-11-07 11:20:00.000002,2021-11-07 17:20:00.000002,7.537468317092435,4.7994556,7.54
2021-11-07 11:29:59.999997,2021-11-07 17:29:59.999997,7.484118825104801,4.7975655,7.59
2021-11-07 11:40:00.000001,2021-11-07 17:40:00.000001,7.440977154429953,4.793697,7.4
2021-11-07 11:49:59.999996,2021-11-07 17:49:59.999996,7.423136086037491,4.7884445,7.47
2021-11-07 12:00:00.000000,2021-11-07 18:00:00.000000,7.324598726760726,4.7815065,7.08
2021-11-07 12:10:00.000004,2021-11-07 18:10:00.000004,7.0661554810976455,4.778618,7.41
2021-11-07 12:19:59.999999,2021-11-07 18:19:59.999999,6.646414472115364,4.7779655,6.47
2021-11-07 12:30:00.000003,2021-11-07 18:30:00.000003,6.136529346141155,4.7809863,6.12
2021-11-07 12:39:59.999998,2021-11-07 18:39:59.999998,5.8347855546151,4.781621,5.87
2021-11-07 12:50:00.000002,2021-11-07 18:50:00.000002,5.957434304629408,4.7805896,5.99
2021-11-07 12:59:59.999997,2021-11-07 18:59:59.999997,6.0817213871645635,4.7749033,6.01
2021-11-07 13:10:00.000001,2021-11-07 19:10:00.000001,5.720902082633682,4.77319,5.78
2021-11-07 13:19:59.999996,2021-11-07 19:19:59.999996,5.277395118829729,4.77024,5.28
2021-11-07 13:30:00.000000,2021-11-07 19:30:00.000000,5.434642469607884,4.769981,5.38
2021-11-07 13:40:00.000004,2021-11-07 19:40:00.000004,6.042959822188811,4.767193,6.1
2021-11-07 13:49:59.999999,2021-11-07 19:49:59.999999,6.55406419761359,4.7657213,6.45
2021-11-07 14:00:00.000003,2021-11-07 20:00:00.000003,6.964057725235926,4.763347,7.18
2021-11-07 14:09:59.999998,2021-11-07 20:09:59.999998,7.440426338857449,4.766571,7.25
2021-11-07 14:20:00.000002,2021-11-07 20:20:00.000002,7.618947764940536,4.7643995,7.58
2021-11-07 14:29:59.999997,2021-11-07 20:29:59.999997,7.1691000887594045,4.7620006,7.37
2021-11-07 14:40:00.000001,2021-11-07 20:40:00.000001,6.534295636619841,4.75922,6.43
2021-11-07 14:49:59.999996,2021-11-07 20:49:59.999996,6.319057032662892,4.757178,6.21
2021-11-07 15:00:00.000000,2021-11-07 21:00:00.000000,6.471457061642017,4.7492805,6.72
2021-11-07 15:10:00.000004,2021-11-07 21:10:00.000004,6.593216255363805,4.7451253,6.33
2021-11-07 15:19:59.999999,2021-11-07 21:19:59.999999,6.495487386224342,4.7465415,6.68
2021-11-07 15:30:00.000003,2021-11-07 21:30:00.000003,6.21080476324926,4.743881,6.11
2021-11-07 15:39:59.999998,2021-11-07 21:39:59.999998,5.865266067074395,4.740306,5.95
2021-11-07 15:50:00.000002,2021-11-07 21:50:00.000002,5.603202349014905,4.735527,5.49
2021-11-07 15:59:59.999997,2021-11-07 21:59:59.999997,5.516520191133739,4.738661,5.62
2021-11-07 16:10:00.000001,2021-11-07 22:10:00.000001,5.577802223550892,4.74421,5.61
2021-11-07 16:19:59.999996,2021-11-07 22:19:59.999996,5.576533393460746,4.7459245,5.34
2021-11-07 16:30:00.000000,2021-11-07 22:30:00.000000,5.33643154636686,4.7479463,5.57
2021-11-07 16:40:00.000004,2021-11-07 22:40:00.000004,5.039626999869414,4.749771,5.1
2021-11-07 16:49:59.999999,2021-11-07 22:49:59.999999,4.97263233682678,4.750465,4.7
2021-11-07 17:00:00.000003,2021-11-07 23:00:00.000003,5.0608916657099,4.7498984,5.21
2021-11-07 17:09:59.999998,2021-11-07 23:09:59.999998,5.080431504337143,4.7517595,5.12
2021-11-07 17:20:00.000002,2021-11-07 23:20:00.000002,5.073209378473214,4.75693,5.02
2021-11-07 17:29:59.999997,2021-11-07 23:29:59.999997,5.139671682969754,4.760776,5.21
2021-11-07 17:40:00.000001,2021-11-07 23:40:00.000001,5.149259203434137,4.7620473,4.95
2021-11-07 17:49:59.999996,2021-11-07 23:49:59.999996,4.986843161455909,4.7618647,5.18
2021-11-07 18:00:00.000000,2021-11-08 00:00:00.000000,4.751768682644182,4.7614193,4.78
2021-11-07 18:10:00.000004,2021-11-08 00:10:00.000004,4.598986122745125,4.7630525,4.48
2021-11-07 18:19:59.999999,2021-11-08 00:19:59.999999,4.689625322327844,4.765986,4.62
2021-11-07 18:30:00.000003,2021-11-08 00:30:00.000003,5.060158089385678,4.768999,5.22
2021-11-07 18:39:59.999998,2021-11-08 00:39:59.999998,5.317849301698124,4.770913,5.37
2021-11-07 18:50:00.000002,2021-11-08 00:50:00.000002,5.0595899024941975,4.774242,4.86
2021-11-07 18:59:59.999997,2021-11-08 00:59:59.999997,4.598580791969038,4.77824,4.65
2021-11-07 19:10:00.000001,2021-11-08 01:10:00.000001,4.451520272159907,4.781263,4.54
2021-11-07 19:19:59.999996,2021-11-08 01:19:59.999996,4.438436049946814,4.7834034,4.44
2021-11-07 19:30:00.000000,2021-11-08 01:30:00.000000,4.199734222591584,4.7842164,4.07
2021-11-07 19:40:00.000004,2021-11-08 01:40:00.000004,3.98086067013908,4.7814503,4.1
2021-11-07 19:49:59.999999,2021-11-08 01:49:59.999999,4.116841183661878,4.7811966,4.1
2021-11-07 20:00:00.000003,2021-11-08 02:00:00.000003,4.466005780770331,4.779599,4.38
2021-11-07 20:09:59.999998,2021-11-08 02:09:59.999998,4.710631227896096,4.7764974,4.82
2021-11-07 20:20:00.000002,2021-11-08 02:20:00.000002,4.569664060119987,4.776266,4.55
2021-11-07 20:29:59.999997,2021-11-08 02:29:59.999997,4.002862893231054,4.776646,3.92
2021-11-07 20:40:00.000001,2021-11-08 02:40:00.000001,3.602214773314883,4.7787104,3.69
2021-11-07 20:49:59.999996,2021-11-08 02:49:59.999996,3.9425572737012975,4.7800145,3.92
2021-11-07 21:00:00.000000,2021-11-08 03:00:00.000000,4.590389129364807,4.7796907,4.54
2021-11-07 21:10:00.000004,2021-11-08 03:10:00.000004,4.802057203467399,4.781012,4.94
2021-11-07 21:19:59.999999,2021-11-08 03:19:59.999999,4.665316694739437,4.788017,4.45
2021-11-07 21:30:00.000003,2021-11-08 03:30:00.000003,4.642435048624345,4.789072,4.82
2021-11-07 21:39:59.999998,2021-11-08 03:39:59.999998,4.761535706737974,4.78851,4.74
2021-11-07 21:50:00.000002,2021-11-08 03:50:00.000002,4.815454471324524,4.78903,4.74
2021-11-07 21:59:59.999997,2021-11-08 03:59:59.999997,4.710510714370706,4.788848,4.73
2021-11-07 22:10:00.000001,2021-11-08 04:10:00.000001,4.444571382667359,4.7948236,4.49
2021-11-07 22:19:59.999996,2021-11-08 04:19:59.999996,4.095849392290294,4.8005137,4.09
2021-11-07 22:30:00.000000,2021-11-08 04:30:00.000000,3.8035653696536573,4.802654,3.76
2021-11-07 22:40:00.000004,2021-11-08 04:40:00.000004,3.666776727896035,4.8054466,3.69
2021-11-07 22:49:59.999999,2021-11-08 04:49:59.999999,3.708141457400713,4.809315,3.7
2021-11-07 23:00:00.000003,2021-11-08 05:00:00.000003,3.897382434901398,4.8118057,3.94
2021-11-07 23:09:59.999998,2021-11-08 05:09:59.999998,4.193859459655667,4.812695,4.15
2021-11-07 23:20:00.000002,2021-11-08 05:20:00.000002,4.5673623603557765,4.812844,4.55
2021-11-07 23:29:59.999997,2021-11-08 05:29:59.999997,4.974887351171245,4.8077292,5.01
2021-11-07 23:40:00.000001,2021-11-08 05:40:00.000001,5.40502979929239,4.8037763,5.43
2021-11-07 23:49:59.999996,2021-11-08 05:49:59.999996,5.883677493773209,4.8026586,5.85
2021-11-08 00:00:00.000000,2021-11-08 06:00:00.000000,6.3422130008568,4.8010564,6.27
2021-11-08 00:10:00.000004,2021-11-08 06:10:00.000004,6.7456683982998555,4.7932353,6.93
2021-11-08 00:19:59.999999,2021-11-08 06:19:59.999999,7.321300347570315,4.7853374,7.12
2021-11-08 00:30:00.000003,2021-11-08 06:30:00.000003,8.152194419716526,4.774577,8.26
2021-11-08 00:39:59.999998,2021-11-08 06:39:59.999998,8.77404493453531,4.765943,8.8
2021-11-08 00:50:00.000002,2021-11-08 06:50:00.000002,8.678620660379886,4.759825,8.66
2021-11-08 00:59:59.999997,2021-11-08 06:59:59.999997,7.822494023617277,4.757425,7.68
2021-11-08 01:10:00.000001,2021-11-08 07:10:00.000001,6.575915145469488,4.7498116,6.69
2021-11-08 01:19:59.999996,2021-11-08 07:19:59.999996,5.630471338878665,4.740994,5.86
2021-11-08 01:30:00.000000,2021-11-08 07:30:00.000000,5.476381406275486,4.7314177,5.03
2021-11-08 01:40:00.000004,2021-11-08 07:40:00.000004,5.726586846768308,4.727151,5.98
2021-11-08 01:49:59.999999,2021-11-08 07:49:59.999999,5.6972524794588955,4.720692,5.74
2021-11-08 02:00:00.000003,2021-11-08 08:00:00.000003,5.40466029686169,4.715329,5.28
2021-11-08 02:09:59.999998,2021-11-08 08:09:59.999998,5.247208471183097,4.705694,5.23
2021-11-08 02:20:00.000002,2021-11-08 08:20:00.000002,5.29217051132555,4.7017164,5.5
2021-11-08 02:29:59.999997,2021-11-08 08:29:59.999997,5.452254453731361,4.697974,5.36
2021-11-08 02:40:00.000001,2021-11-08 08:40:00.000001,5.786370602923851,4.6931443,5.43
2021-11-08 02:49:59.999996,2021-11-08 08:49:59.999996,6.285106237335827,4.6876082,6.72
2021-11-08 03:00:00.000000,2021-11-08 09:00:00.000000,6.759584996213842,4.6867523,6.92
2021-11-08 03:10:00.000004,2021-11-08 09:10:00.000004,7.020996566006806,4.679051,6.47
2021-11-08 03:19:59.999999,2021-11-08 09:19:59.999999,6.944600400373815,4.6678214,7.13
2021-11-08 03:30:00.000003,2021-11-08 09:30:00.000003,6.596401720980878,4.659522,6.76
2021-11-08 03:39:59.999998,2021-11-08 09:39:59.999998,6.395027600980991,4.653443,6.47
2021-11-08 03:50:00.000002,2021-11-08 09:50:00.000002,6.687765449325854,4.6476974,6.36
2021-11-08 03:59:59.999997,2021-11-08 09:59:59.999997,7.264213126783188,4.6365232,7.42
2021-11-08 04:10:00.000001,2021-11-08 10:10:00.000001,7.7105988438535595,4.625422,7.76
2021-11-08 04:19:59.999996,2021-11-08 10:19:59.999996,7.896879459078891,4.618482,7.91
2021-11-08 04:30:00.000000,2021-11-08 10:30:00.000000,7.947672471957345,4.6141095,7.81
2021-11-08 04:40:00.000004,2021-11-08 10:40:00.000004,8.133186577732898,4.610159,8.29
2021-11-08 04:49:59.999999,2021-11-08 10:49:59.999999,8.623754073201754,4.6063533,8.5
2021-11-08 05:00:00.000003,2021-11-08 11:00:00.000003,9.183872710822424,4.599411,9.27
2021-11-08 05:09:59.999998,2021-11-08 11:09:59.999998,9.47839980502173,4.590798,9.41
2021-11-08 05:20:00.000002,2021-11-08 11:20:00.000002,9.515855987756995,4.5849648,9.62
2021-11-08 05:29:59.999997,2021-11-08 11:29:59.999997,9.48250812195936,4.5809727,9.31
2021-11-08 05:40:00.000001,2021-11-08 11:40:00.000001,9.498145204256845,4.577532,9.71
2021-11-08 05:49:59.999996,2021-11-08 11:49:59.999996,9.571159753129335,4.573974,9.4
2021-11-08 06:00:00.000000,2021-11-08 12:00:00.000000,9.505333311287782,4.5705953,9.57
2021-11-08 06:10:00.000004,2021-11-08 12:10:00.000004,9.136691484680892,4.564859,9.13
2021-11-08 06:19:59.999999,2021-11-08 12:19:59.999999,8.71466469964346,4.5610733,8.75
2021-11-08 06:30:00.000003,2021-11-08 12:30:00.000003,8.586318880810252,4.5585938,8.61
2021-11-08 06:39:59.999998,2021-11-08 12:39:59.999998,8.693621518119908,4.557186,8.47
2021-11-08 06:50:00.000002,2021-11-08 12:50:00.000002,8.791656556756308,4.5567303,9.06
2021-11-08 06:59:59.999997,2021-11-08 12:59:59.999997,8.8169926254816,4.557876,8.79
2021-11-08 07:10:00.000001,2021-11-08 13:10:00.000001,8.805680277803976,4.5615,8.67
2021-11-08 07:19:59.999996,2021-11-08 13:19:59.999996,8.781463935347624,4.5660853,8.79
2021-11-08 07:30:00.000000,2021-11-08 13:30:00.000000,8.758152349087897,4.569659,8.82
2021-11-08 07:40:00.000004,2021-11-08 13:40:00.000004,8.691965452377607,4.5714006,8.82
2021-11-08 07:49:59.999999,2021-11-08 13:49:59.999999,8.588346982300603,4.570913,8.36
2021-11-08 08:00:00.000003,2021-11-08 14:00:00.000003,8.596384836351408,4.567773,8.62
2021-11-08 08:09:59.999998,2021-11-08 14:09:59.999998,8.784169518278008,4.5638056,8.96
2021-11-08 08:20:00.000002,2021-11-08 14:20:00.000002,9.061928223031568,4.558514,8.94
2021-11-08 08:29:59.999997,2021-11-08 14:29:59.999997,9.309257443575323,4.5504827,9.3
